sample_id,true_label,pred_label,pred_prob,latency_ms,cpu_usage_percent,ram_usage_mb
0,0,0,0.4892502098384074,5.421000067144632,0.0,141.8125
1,1,1,0.6000670995932904,4.676500102505088,0.0,141.8125
2,0,1,0.6374322783982219,6.585499970242381,0.0,141.8125
3,0,0,0.45700632705195066,7.219600025564432,0.0,141.8125
4,0,0,0.4063584082795634,7.788499933667481,0.0,141.82421875
5,0,0,0.3394099199885923,7.180499960668385,0.0,141.82421875
6,1,1,0.6095273900341217,4.861499997787178,0.0,141.82421875
7,0,0,0.40540056101217586,7.466100039891899,97.7,141.82421875
8,0,0,0.4904661342645532,4.014299949631095,0.0,141.82421875
9,1,1,0.6171961420397098,5.0533999456092715,0.0,141.82421875
10,1,0,0.4462294032082294,7.445199997164309,0.0,141.82421875
11,1,1,0.6383515912054167,4.74420003592968,0.0,141.82421875
12,1,1,0.5870095477335321,4.219199996441603,0.0,141.82421875
13,1,1,0.6002723626270637,6.274900049902499,0.0,141.82421875
14,0,1,0.5083742861881264,4.338399972766638,0.0,141.82421875
15,0,1,0.5313834004409168,4.33809997048229,0.0,141.82421875
16,0,0,0.31067168373881454,7.197699975222349,0.0,141.82421875
17,0,0,0.23125599089031662,4.786000004969537,0.0,141.82421875
18,1,1,0.6029225888288396,3.8903000531718135,0.0,141.82421875
19,1,1,0.626943956480323,6.24329992569983,0.0,141.82421875
20,1,1,0.6682081276075551,4.589200019836426,0.0,141.82421875
21,0,1,0.5113411876410041,4.043499939143658,0.0,141.82421875
22,0,1,0.6173481538566155,5.845899926498532,0.0,141.82421875
23,0,1,0.5962862726293552,5.76500000897795,0.0,141.8359375
24,1,1,0.512098734206657,4.216799978166819,0.0,141.8359375
25,0,1,0.5656629463052179,3.7269999738782644,0.0,141.8359375
26,1,1,0.5770435947280298,6.80929992813617,0.0,141.8359375
27,0,1,0.5088710082061998,4.414399969391525,0.0,141.8359375
28,1,0,0.4943153956171063,4.83760004863143,0.0,141.8359375
29,1,0,0.37826906609680744,5.979200010187924,0.0,141.8359375
30,1,1,0.7217895128813672,4.218199988827109,0.0,141.8359375
31,1,1,0.5708015572161143,3.998400061391294,0.0,141.8359375
32,0,0,0.4349822012182149,6.348200025968254,0.0,141.8359375
33,1,1,0.6045429877273993,4.767399979755282,0.0,141.8359375
34,1,1,0.5993693688315817,5.525700049474835,0.0,141.8359375
35,1,1,0.5056559290219298,5.2786999149248,0.0,141.8359375
36,1,1,0.6978082593579715,3.8343999767675996,0.0,141.8359375
37,1,1,0.5706026219687855,3.981500049121678,0.0,141.8359375
38,1,0,0.43277973466880876,3.7491999100893736,0.0,141.8359375
39,1,1,0.6657515715129063,5.302199977450073,0.0,141.8359375
40,1,1,0.5699572107276382,4.091199953109026,0.0,141.8359375
41,0,0,0.47985338113090126,3.906100057065487,0.0,141.8359375
42,1,1,0.6558100475915558,6.300399894826114,0.0,141.8359375
43,0,0,0.4643724097553024,5.168800009414554,0.0,141.8359375
44,0,0,0.4916074707662822,4.86260000616312,0.0,141.8359375
45,0,0,0.3213190356546806,5.925299949012697,0.0,141.8359375
46,1,1,0.6249680822434698,5.147399962879717,0.0,141.8359375
47,0,0,0.45446723373249726,6.170199951156974,0.0,141.8359375
48,1,1,0.5578743092875811,6.608800031244755,0.0,141.8359375
49,1,1,0.529211431818943,5.0765000050887465,0.0,141.8359375
50,0,0,0.4565922310839709,3.7542000645771623,0.0,141.8359375
51,1,1,0.5041830492289753,5.514599964953959,0.0,141.8359375
52,1,1,0.63786734341528,3.9688999531790614,0.0,141.8359375
53,1,1,0.5568114781377299,4.851100035011768,0.0,141.8359375
54,0,0,0.40371168236020766,5.737599916756153,0.0,141.8359375
55,0,0,0.4775302422328448,4.162400029599667,0.0,141.8359375
56,0,0,0.31773830611557935,3.851699992083013,0.0,141.8359375
57,0,1,0.5014983983589995,4.502000054344535,0.0,141.8359375
58,0,0,0.29607591462393434,4.842800088226795,0.0,141.8359375
59,1,1,0.6920086855288488,3.9447000017389655,0.0,141.8359375
60,1,0,0.48144856406286535,4.41059994045645,0.0,141.8359375
61,0,0,0.43239892453730644,3.8395000156015158,0.0,141.8359375
62,0,0,0.4286081487846894,5.644799908623099,0.0,141.8359375
63,0,0,0.4823425223682146,3.9340000366792083,0.0,141.8359375
64,0,1,0.5496154534454293,4.1114999912679195,0.0,141.8359375
65,1,1,0.6097489467578792,3.7611000007018447,0.0,141.8359375
66,1,1,0.7176994975715236,6.387499975971878,0.0,141.8359375
67,1,1,0.618791350156391,5.169000010937452,0.0,141.8359375
68,1,1,0.5367554174425899,4.787500016391277,0.0,141.8359375
69,0,0,0.3855191855501078,5.173699930310249,0.0,141.8359375
70,1,1,0.6649609556699352,4.6187000116333365,0.0,141.8359375
71,1,1,0.5326854915451422,3.867299994453788,0.0,141.8359375
72,0,0,0.45012139088724384,8.027800009585917,0.0,141.8359375
73,1,1,0.6471139195203766,4.1732999961823225,0.0,141.8359375
74,1,1,0.6472704707545327,4.579299944452941,0.0,141.8359375
75,0,1,0.5697393119184222,6.801299983635545,104.2,141.8359375
76,1,1,0.525531908260684,5.2007000194862485,0.0,141.8359375
77,1,0,0.4902877045260935,3.9294000016525388,0.0,141.8359375
78,1,1,0.6217080006164357,8.448299951851368,0.0,141.8359375
79,1,1,0.6734935212301032,4.488099948503077,0.0,141.8359375
80,1,1,0.6273843351871451,4.068100010044873,0.0,141.8359375
81,1,1,0.5432425267364169,9.898900054395199,0.0,141.8359375
82,0,0,0.49118553321100106,5.5905000772327185,0.0,141.8359375
83,1,0,0.4882970548458978,6.421700003556907,104.2,141.8359375
84,1,1,0.6351722194992759,5.305300001055002,0.0,141.8359375
85,1,1,0.5146565105884015,4.8955000238493085,0.0,141.8359375
86,0,0,0.49202720270939587,5.792499985545874,0.0,141.8359375
87,1,1,0.6468341041377066,4.652600036934018,0.0,141.8359375
88,0,0,0.4869586904762043,3.7896999856457114,0.0,141.8359375
89,1,1,0.6414510716455449,5.716499988920987,104.2,141.8359375
90,0,0,0.4414688175130389,4.779700073413551,0.0,141.8359375
91,0,1,0.5784185084420725,4.075200064107776,0.0,141.8359375
92,1,1,0.6615160528779466,4.154599970206618,0.0,141.8359375
93,1,0,0.4190890807495721,5.921400035731494,0.0,141.8359375
94,1,1,0.5182769271879414,4.252800019457936,0.0,141.8359375
95,0,0,0.4659884205563043,3.788999980315566,0.0,141.8359375
96,1,0,0.4843912855556787,5.717899999581277,0.0,141.8359375
97,1,1,0.7441069933925799,4.876899998635054,0.0,141.8359375
98,0,0,0.44333980270415924,3.7767000030726194,0.0,141.8359375
99,1,1,0.5562945003946376,4.282800015062094,0.0,141.8359375
100,0,0,0.36295867127259673,6.02119998075068,0.0,141.8359375
101,1,1,0.6227802994965523,4.050099989399314,0.0,141.8359375
102,1,1,0.6534577403883393,3.7767000030726194,0.0,141.8359375
103,0,0,0.4265159583765351,5.616200040094554,0.0,141.8359375
104,1,0,0.46816124667612974,3.879499970935285,0.0,141.8359375
105,1,1,0.7419125688069572,3.7617000052705407,0.0,141.8359375
106,1,1,0.5805116276983966,3.8928999565541744,0.0,141.8359375
107,1,1,0.5603492922808948,5.133499973453581,0.0,141.8359375
108,0,1,0.5080414159295954,4.241400049068034,0.0,141.8359375
109,0,0,0.44959687185123165,3.9860999677330256,0.0,141.8359375
110,0,0,0.40178787527335674,3.981799934990704,0.0,141.8359375
111,1,1,0.542524416136794,6.9290000246837735,0.0,141.8359375
112,1,1,0.7224952289287409,3.847499960102141,0.0,141.8359375
113,1,1,0.6349204876981738,3.936599940061569,0.0,141.8359375
114,0,0,0.38180843681006904,5.840300000272691,0.0,141.8359375
115,1,1,0.5305824690021178,3.988599986769259,0.0,141.8359375
116,1,1,0.6102865562532183,3.9411999750882387,0.0,141.8359375
117,0,1,0.519746866028812,4.2363000102341175,0.0,141.8359375
118,1,1,0.6882382665551809,6.080100079998374,0.0,141.8359375
119,0,0,0.47231881057571873,4.010500037111342,0.0,141.8359375
120,1,1,0.5649970893574096,3.7994999438524246,0.0,141.8359375
121,1,1,0.670491936737672,7.018500007688999,0.0,141.8359375
122,0,1,0.5540178103611775,4.634600016288459,0.0,141.8359375
123,0,1,0.503206419558266,3.760599996894598,0.0,141.8359375
124,0,0,0.43867301616185994,6.354299956001341,0.0,141.8359375
125,0,0,0.45400251394273006,3.847199957817793,0.0,141.8359375
126,0,0,0.4348792056735659,3.7504000356420875,0.0,141.8359375
127,0,1,0.5516343729769504,5.233299918472767,0.0,141.8359375
128,1,1,0.6571409883014512,6.599699961952865,0.0,141.8359375
129,0,0,0.39910620162962407,4.84210008289665,0.0,141.8359375
130,1,1,0.5470664293678407,5.718300002627075,0.0,141.8359375
131,1,1,0.5360791640840452,4.2885999428108335,0.0,141.8359375
132,1,1,0.5487903631299421,4.031899967230856,0.0,141.8359375
133,0,0,0.4596372243761471,3.7945000221952796,0.0,141.8359375
134,0,1,0.6204154852702914,5.827600019983947,0.0,141.8359375
135,1,1,0.5828594419593289,3.8209999911487103,0.0,141.8359375
136,0,0,0.33948648359792044,3.7620000075548887,0.0,141.8359375
137,1,1,0.6049848831335356,4.219900001771748,97.7,141.8359375
138,0,0,0.4580453446303695,4.897499922662973,0.0,141.8359375
139,0,1,0.5237633559575042,4.318399936892092,0.0,141.8359375
140,1,1,0.5007066355075718,3.981799934990704,0.0,141.8359375
141,0,1,0.5850008801782741,7.963399984873831,0.0,141.8359375
142,0,0,0.4715436981082187,5.031400010921061,0.0,141.8359375
143,1,1,0.69235677341108,3.797000041231513,0.0,141.8359375
144,1,1,0.6892554184907402,4.689799970947206,0.0,141.8359375
145,0,0,0.46544085539816155,4.097700002603233,0.0,141.8359375
146,0,0,0.49951492172092005,4.057800048030913,0.0,141.8359375
147,1,1,0.726856032509823,3.734300029464066,0.0,141.8359375
148,1,0,0.49760730269329656,4.996899981051683,0.0,141.8359375
149,0,1,0.5579936860195832,4.188599996268749,0.0,141.8359375
150,0,0,0.3291861794364971,3.848200081847608,0.0,141.8359375
151,0,0,0.3027196620688163,3.80019994918257,0.0,141.8359375
152,1,1,0.6721666342955632,5.0873999716714025,0.0,141.8359375
153,0,0,0.43831619641722286,4.44479996804148,0.0,141.8359375
154,0,0,0.3549074362519724,4.157699993811548,0.0,141.8359375
155,1,1,0.5164338331913092,4.20630001462996,0.0,141.8359375
156,1,1,0.6616692018590555,4.838999942876399,0.0,141.8359375
157,0,0,0.40157892976498033,4.073900054208934,0.0,141.8359375
158,1,1,0.5423502344868332,4.121900070458651,0.0,141.8359375
159,0,0,0.37338984607024506,4.703200072981417,0.0,141.8359375
160,1,1,0.6917962545326969,4.349199938587844,0.0,141.8359375
161,1,1,0.6180741172639643,4.130300018005073,0.0,141.8359375
162,1,1,0.6913703496668338,3.8929999573156238,0.0,141.8359375
163,0,0,0.4799970262298703,5.282099940814078,0.0,141.8359375
164,1,0,0.49874282176034274,4.579100059345365,0.0,141.8359375
165,1,1,0.6697141985589248,3.87000001501292,0.0,141.8359375
166,0,1,0.6124897600436319,4.281200002878904,0.0,141.8359375
167,1,1,0.5402417855644048,4.713099915534258,0.0,141.8359375
168,1,1,0.6949042116689176,3.997099935077131,0.0,141.8359375
169,1,1,0.6530184318805344,3.946900018490851,0.0,141.8359375
170,1,1,0.512728427900863,4.229599959217012,0.0,141.8359375
171,1,1,0.562000448309082,4.678500001318753,0.0,141.8359375
172,0,0,0.46232529851170756,8.760500000789762,0.0,141.8359375
173,1,1,0.6284704969911282,8.575899992138147,0.0,141.8359375
174,1,1,0.6384436635274794,4.684700048528612,0.0,141.8359375
175,0,1,0.525603528829546,4.117900040000677,0.0,141.8359375
176,1,1,0.5294131022789172,4.69069997780025,0.0,141.8359375
177,1,1,0.6189595416221607,3.9851999608799815,0.0,141.8359375
178,0,0,0.4535076590039232,3.7814000388607383,0.0,141.8359375
179,0,0,0.3772556572077802,4.102400038391352,0.0,141.8359375
180,0,1,0.5404022940391816,4.457799950614572,0.0,141.8359375
181,0,0,0.49985450630625883,4.19429992325604,0.0,141.8359375
182,0,1,0.5223684524263137,3.8861000211909413,0.0,141.8359375
183,0,0,0.3561612481609072,4.473400069400668,0.0,141.8359375
184,1,1,0.5849163951512483,5.563699989579618,0.0,141.8359375
185,0,1,0.5028943312792654,3.780700033530593,0.0,141.8359375
186,1,1,0.5015143313746194,3.8698000134900212,0.0,141.8359375
187,0,1,0.5628169588080858,5.916900001466274,0.0,141.8359375
188,1,1,0.5353955612899112,4.2897999519482255,0.0,141.8359375
189,0,0,0.37918948042325773,3.7918000016361475,0.0,141.8359375
190,0,0,0.45773251137863397,4.086000029928982,0.0,141.8359375
191,0,1,0.5468875301586414,5.2703000837937,0.0,141.8359375
192,1,1,0.5873612118124929,4.322699969634414,0.0,141.8359375
193,0,0,0.4543320009277629,3.9868999738246202,0.0,141.8359375
194,1,1,0.6162730038169112,4.593599936924875,0.0,141.8359375
195,1,1,0.5633014249307392,5.073899985291064,0.0,141.8359375
196,1,1,0.5995085199074311,3.7758999969810247,0.0,141.8359375
197,0,1,0.5450957840591378,4.9233000027015805,0.0,141.8359375
198,1,1,0.6093118676113541,5.966900032944977,0.0,141.8359375
199,1,1,0.6530403293380599,3.8174999644979835,0.0,141.8359375
200,1,0,0.47918528412796774,4.615699988789856,0.0,141.8359375
201,1,1,0.5763650467516398,5.044700112193823,0.0,141.8359375
202,0,1,0.5469266070793812,5.930599989369512,104.2,141.8359375
203,1,0,0.48891232601293944,5.180200096219778,0.0,141.8359375
204,0,1,0.566985145781054,5.289499997161329,0.0,141.8359375
205,0,0,0.47797114746799396,5.052300053648651,0.0,141.8359375
206,0,1,0.5256524829148217,3.824800020083785,0.0,141.8359375
207,1,1,0.5802103243047545,6.104799918830395,0.0,141.8359375
208,1,1,0.7038458586657484,4.733299952931702,0.0,141.8359375
209,0,1,0.5150645171920141,3.746100002899766,0.0,141.8359375
210,0,0,0.360006766402608,4.022100009024143,0.0,141.8359375
211,0,0,0.38125945335953804,4.319900064729154,0.0,141.8359375
212,1,1,0.5312908937625014,3.9686999516561627,0.0,141.8359375
213,1,1,0.5890346364130172,3.8768999511376023,0.0,141.8359375
214,0,0,0.34895852086102125,4.306600079871714,0.0,141.8359375
215,0,1,0.5932962242171503,6.556799984537065,97.7,141.8359375
216,1,1,0.698399329671963,5.315499962307513,0.0,141.8359375
217,0,0,0.44911560853267823,4.033600096590817,0.0,141.8359375
218,0,0,0.49779047016309413,7.826799992471933,104.2,141.8359375
219,0,0,0.2954178569307734,5.2677999483421445,0.0,141.8359375
220,0,0,0.48095109930639124,5.059499992057681,0.0,141.8359375
221,1,1,0.5666368702576062,7.00080010574311,97.7,141.8359375
222,0,0,0.4103413309951215,4.081299994140863,0.0,141.8359375
223,0,0,0.38937049664917855,3.9337000343948603,0.0,141.8359375
224,0,0,0.4877949365618903,6.321000051684678,0.0,141.8359375
225,0,1,0.5246894328195244,4.174700006842613,0.0,141.8359375
226,1,1,0.5689475388929998,4.089500056579709,0.0,141.8359375
227,0,1,0.5342771328119602,5.095599917694926,0.0,141.8359375
228,1,1,0.6254441313472674,5.2137000020593405,0.0,141.8359375
229,1,1,0.6539702928796303,4.288799944333732,0.0,141.8359375
230,1,0,0.3499011098975643,3.823499893769622,0.0,141.8359375
231,1,1,0.5223266596148133,7.684799958951771,97.7,141.8359375
232,1,1,0.6629330393121087,5.319299991242588,0.0,141.8359375
233,0,1,0.5167600190964794,6.91599992569536,0.0,141.8359375
234,0,0,0.4086453224695908,6.182000041007996,0.0,141.8359375
235,1,1,0.6328285974785997,4.891899996437132,0.0,141.8359375
236,0,1,0.5042293322696856,7.810599985532463,0.0,141.8359375
237,1,1,0.6793571739280921,4.565800074487925,0.0,141.8359375
238,0,0,0.3968291346861327,3.8028000853955746,0.0,141.8359375
239,1,1,0.5246604965440274,8.695199969224632,0.0,141.8359375
240,0,0,0.3674390353488107,4.948200075887144,0.0,141.8359375
241,0,0,0.4688935200753819,6.686699925921857,0.0,141.8359375
242,1,1,0.6715647184957245,4.7067999839782715,0.0,141.8359375
243,1,1,0.7927526676278063,4.029999952763319,0.0,141.8359375
244,0,1,0.5962539773432336,3.885700018145144,0.0,141.8359375
245,0,1,0.5764467657202601,9.16969997342676,97.7,141.8359375
246,0,1,0.5202211670314887,4.471199936233461,0.0,141.8359375
247,1,1,0.5365328086561272,5.799199920147657,0.0,141.8359375
248,0,0,0.47711425200865526,5.6894998997449875,0.0,141.8359375
249,1,1,0.6447860214510233,3.8426999235525727,0.0,141.8359375
250,0,0,0.3266949739115592,5.815899930894375,0.0,141.8359375
251,0,0,0.49969177054263875,7.915299967862666,0.0,141.8359375
252,1,0,0.48975391821520037,4.032299970276654,0.0,141.8359375
253,1,1,0.7125530275151941,6.095499964430928,0.0,141.8359375
254,0,0,0.4227781257313551,4.02979995124042,0.0,141.8359375
255,1,1,0.6067162843069243,4.076400073245168,0.0,141.8359375
256,0,1,0.5099082028976927,4.012800054624677,0.0,141.8359375
257,1,1,0.6114613359053929,6.105199921876192,0.0,141.8359375
258,0,0,0.45697341726468627,4.065399989485741,0.0,141.8359375
259,1,1,0.6685984232273522,3.897799993865192,0.0,141.8359375
260,0,0,0.4925560098263638,6.1666000401601195,97.7,141.8359375
261,0,0,0.47703035529177146,6.123999948613346,0.0,141.8359375
262,0,0,0.37551835382553955,6.011500023305416,208.3,141.8359375
263,0,0,0.4263644644718173,6.240100017748773,0.0,141.8359375
264,0,1,0.5089041052576898,3.914100001566112,0.0,141.8359375
265,0,0,0.4462186556489221,4.2643999913707376,0.0,141.8359375
266,0,0,0.4042334493529065,5.643600015901029,0.0,141.8359375
267,1,1,0.5445812893244611,4.380400059744716,0.0,141.8359375
268,0,0,0.39571687006673895,3.802400082349777,0.0,141.8359375
269,0,0,0.4143074482114053,4.7151000471785665,97.7,141.8359375
270,1,1,0.6083285214898699,4.475199966691434,0.0,141.8359375
271,0,1,0.5468804375632628,4.27279993891716,0.0,141.8359375
272,0,1,0.5971251832049148,3.870300017297268,0.0,141.8359375
273,1,1,0.6060418379016896,5.065400036983192,0.0,141.8359375
274,1,1,0.6125565912491577,18.863099976442754,0.0,141.8359375
275,1,1,0.5264949765431998,10.40400005877018,0.0,141.8359375
276,0,0,0.41385566955668907,7.723400020040572,0.0,141.8359375
277,0,0,0.4756507642924075,6.595800048671663,0.0,141.8359375
278,1,1,0.5154211431980458,5.9677999233826995,0.0,141.8359375
279,1,1,0.6110202160986641,3.990700002759695,0.0,141.8359375
280,1,1,0.6116209159546393,3.8394000148400664,0.0,141.8359375
281,1,1,0.6210894856402265,4.325600108131766,0.0,141.83984375
282,0,0,0.42914051886479454,5.273199989460409,0.0,141.83984375
283,0,0,0.36579253706234066,4.104800056666136,0.0,141.83984375
284,1,0,0.4457079130657104,3.789300099015236,0.0,141.83984375
285,0,1,0.552330271273704,5.699499975889921,0.0,141.83984375
286,0,0,0.41437408204286524,4.584499984048307,97.7,141.83984375
287,0,0,0.4765409317633392,3.7822999292984605,0.0,141.83984375
288,0,0,0.4125199084732102,4.294700105674565,0.0,141.83984375
289,1,1,0.579990533723632,5.226499983109534,0.0,141.83984375
290,0,1,0.5399066747106199,4.336799960583448,0.0,141.83984375
291,0,1,0.5070983717242694,3.7752999924123287,0.0,141.83984375
292,0,0,0.3953073707565074,4.145899903960526,0.0,141.83984375
293,0,0,0.40358661608103163,5.212499992921948,104.2,141.83984375
294,1,1,0.6100974194904991,4.472499946132302,0.0,141.83984375
295,1,1,0.5135079067954156,4.794900072738528,0.0,141.83984375
296,1,1,0.5298965307879715,7.491900003515184,0.0,141.83984375
297,1,1,0.5803132576047629,4.667000030167401,0.0,141.83984375
298,1,1,0.6381771562901399,6.568099954165518,0.0,141.83984375
299,0,1,0.5099471864320575,4.470099927857518,0.0,141.83984375
300,0,0,0.3865998336686097,3.8120999233797193,0.0,141.83984375
301,0,1,0.5355347135527293,4.096199991181493,0.0,141.83984375
302,0,0,0.2660842721117518,5.3409000393003225,0.0,141.83984375
303,0,0,0.46015979111264516,4.053900018334389,0.0,141.83984375
304,1,1,0.6486280420987042,3.802600083872676,0.0,141.83984375
305,1,1,0.5775331683017227,4.296400002203882,0.0,141.83984375
306,0,0,0.3747874315134114,7.404500036500394,0.0,141.83984375
307,1,1,0.6225693855680872,3.928899997845292,0.0,141.83984375
308,0,1,0.5342028156842539,3.820099984295666,0.0,141.83984375
309,1,1,0.7658762728654469,5.994400009512901,0.0,141.83984375
310,0,0,0.4666605689574184,4.257299937307835,0.0,141.83984375
311,1,0,0.4649284700899231,4.851600038819015,0.0,141.83984375
312,1,1,0.5025092395881254,5.760300089605153,0.0,141.83984375
313,0,0,0.4550354683424597,4.349699942395091,0.0,141.83984375
314,1,1,0.6394078346249754,3.8041999796405435,0.0,141.83984375
315,1,1,0.6452518283357928,4.221600014716387,0.0,141.83984375
316,0,0,0.432394279661524,4.926900030113757,0.0,141.83984375
317,1,0,0.48872828137535906,4.03129996266216,0.0,141.83984375
318,0,0,0.37143026416276687,3.8846000097692013,0.0,141.83984375
319,0,0,0.44329801943837355,4.028300056234002,0.0,141.83984375
320,1,1,0.5711459396967048,6.411300040781498,0.0,141.83984375
321,0,1,0.6445961548319887,3.7966000381857157,0.0,141.83984375
322,1,1,0.5714034806371875,4.052500007674098,0.0,141.83984375
323,0,0,0.3774895396493878,4.756899899803102,0.0,141.83984375
324,1,1,0.5144774445828908,6.266299984417856,0.0,141.83984375
325,1,1,0.5966804253959032,5.272899987176061,0.0,141.83984375
326,1,1,0.5666803732617094,6.37540000025183,0.0,141.83984375
327,0,1,0.503081991841748,3.947500023059547,0.0,141.83984375
328,1,1,0.6147833369811465,4.179300041869283,0.0,141.83984375
329,1,1,0.6193145556841162,3.8140000542625785,0.0,141.83984375
330,1,1,0.5791574109764568,4.857299965806305,0.0,141.83984375
331,1,1,0.5812370597440049,4.0062000043690205,0.0,141.83984375
332,1,1,0.6356657388158781,4.190500010736287,0.0,141.83984375
333,1,1,0.5022074617867301,4.59889997728169,0.0,141.83984375
334,0,0,0.39865973133157934,4.574799910187721,0.0,141.83984375
335,1,1,0.6064098755904246,3.7717000814154744,0.0,141.83984375
336,1,1,0.7211774200490975,4.447199986316264,0.0,141.83984375
337,1,1,0.5539731546272989,4.768400103785098,0.0,141.83984375
338,0,1,0.6155478474232203,3.8834000006318092,0.0,141.83984375
339,1,1,0.5671372929358329,3.9425999857485294,0.0,141.83984375
340,0,0,0.41934659117386,4.021800006739795,0.0,141.83984375
341,1,1,0.5475327509246812,5.244400002993643,0.0,141.83984375
342,0,1,0.5917259346257969,3.893999964930117,0.0,141.83984375
343,0,1,0.5804746706815113,4.520000074990094,0.0,141.83984375
344,0,0,0.4726962491626926,4.236700013279915,0.0,141.83984375
345,0,0,0.40915728314734057,4.5918000396341085,208.3,141.83984375
346,1,1,0.6455648138601483,3.931000013835728,0.0,141.83984375
347,1,1,0.6217520268604486,4.367899964563549,0.0,141.83984375
348,0,1,0.5338352636390823,4.935499979183078,0.0,141.83984375
349,1,1,0.5505486627170153,4.4250000501051545,0.0,141.83984375
350,1,1,0.7093340787366562,4.029400064609945,0.0,141.83984375
351,1,1,0.5663676154254309,4.127599997445941,0.0,141.83984375
352,0,0,0.4263277777465341,4.948899964801967,97.7,141.83984375
353,0,0,0.3711486634540814,3.8528000004589558,0.0,141.83984375
354,1,1,0.523277951574801,4.204199998639524,0.0,141.83984375
355,1,1,0.5541527342838138,3.872400033287704,0.0,141.83984375
356,0,1,0.5230233036354612,5.501999985426664,104.2,141.83984375
357,1,1,0.5591528873195776,3.8790000835433602,0.0,141.83984375
358,1,1,0.5576886504593148,4.379599937237799,0.0,141.83984375
359,0,0,0.4790116819800597,4.730700049549341,0.0,141.83984375
360,0,0,0.4501051307690405,4.1452000150457025,97.7,141.83984375
361,1,1,0.5161276368659774,3.859299933537841,0.0,141.83984375
362,1,1,0.5980725472837904,4.1877999901771545,0.0,141.83984375
363,0,1,0.5581687392327981,6.34269998408854,0.0,141.83984375
364,0,0,0.41814740303127984,4.791900049895048,0.0,141.83984375
365,0,0,0.38322150275352906,5.005800048820674,0.0,141.83984375
366,1,1,0.5517919184880531,5.4194999393075705,0.0,141.83984375
367,0,0,0.4448076095326643,3.9117999840527773,0.0,141.83984375
368,1,1,0.5725905938580205,4.356599994935095,0.0,141.83984375
369,1,0,0.43671030412684686,3.9383999537676573,0.0,141.83984375
370,0,0,0.3791937570978897,5.8527999790385365,0.0,141.83984375
371,1,1,0.5792578375705718,3.7881999742239714,0.0,141.83984375
372,1,1,0.5822494064583056,4.0781000861898065,0.0,141.83984375
373,0,1,0.5185030638610013,5.2912000101059675,0.0,141.83984375
374,1,1,0.5991140117546071,3.9431999903172255,0.0,141.83984375
375,0,1,0.5995942615918944,3.932700026780367,0.0,141.83984375
376,1,0,0.4435832105957306,3.937200061045587,0.0,141.83984375
377,1,0,0.41893636287838765,5.263299914076924,0.0,141.83984375
378,0,0,0.25719770871311487,4.904399975202978,0.0,141.83984375
379,1,1,0.5996055270695232,5.1324000814929605,0.0,141.83984375
380,1,1,0.6611460753541305,6.688299938105047,0.0,141.83984375
381,0,1,0.5063998341133235,5.128099932335317,0.0,141.83984375
382,1,1,0.6688384022768066,7.050400017760694,104.2,141.83984375
383,0,0,0.4359041759293817,4.618800012394786,0.0,141.83984375
384,1,1,0.5314379333129027,3.7625000113621354,0.0,141.83984375
385,0,0,0.36356867086428063,3.970300080254674,0.0,141.83984375
386,1,1,0.6395772977955734,3.7456999998539686,0.0,141.83984375
387,1,1,0.5271467700861241,5.77400007750839,0.0,141.83984375
388,0,1,0.5419819163365667,5.2893999963998795,0.0,141.83984375
389,0,0,0.33847254992283193,4.544000024907291,0.0,141.83984375
390,1,1,0.6204449870909642,7.014999981038272,0.0,141.83984375
391,1,1,0.5703101804342035,4.382199957035482,0.0,141.83984375
392,0,0,0.46420075601897776,3.831199952401221,0.0,141.83984375
393,1,1,0.5572195780682484,5.044699995778501,0.0,141.83984375
394,0,0,0.36763848612831057,3.801400074735284,0.0,141.83984375
395,0,1,0.5935815990295406,5.508200032636523,0.0,141.83984375
396,1,1,0.5273463558298728,6.29529997240752,0.0,141.83984375
397,0,0,0.47196611464979804,7.134599960409105,0.0,141.83984375
398,1,1,0.6030394400835843,7.189299911260605,0.0,141.83984375
399,1,1,0.6183327342184649,4.5918000396341085,0.0,141.83984375
400,0,1,0.5387647245271449,4.071800038218498,0.0,141.83984375
401,0,0,0.39281548759255913,3.8287999341264367,0.0,141.83984375
402,1,1,0.612376146522459,5.179700092412531,0.0,141.83984375
403,1,0,0.4921208847078091,4.953399999067187,0.0,141.83984375
404,1,0,0.49547613415679825,6.131500005722046,0.0,141.83984375
405,0,0,0.48517105385964354,6.456300034187734,104.2,141.83984375
406,1,1,0.5901766319692149,4.371099988929927,0.0,141.83984375
407,1,1,0.6510805959023704,5.114799947477877,0.0,141.83984375
408,1,1,0.5957832403736678,5.333899985998869,97.7,141.83984375
409,0,0,0.4657129622904666,3.9668999379500747,0.0,141.83984375
410,1,1,0.6498569672074856,4.147899919189513,0.0,141.83984375
411,1,1,0.7453402695887357,3.8075000047683716,0.0,141.83984375
412,0,1,0.5537396937050731,5.120699992403388,104.2,141.83984375
413,1,1,0.6204588001021825,4.293899983167648,0.0,141.83984375
414,1,0,0.469699233402188,4.132399917580187,0.0,141.83984375
415,1,1,0.5413679949750987,3.808200010098517,0.0,141.83984375
416,0,0,0.33098620088889896,5.591399967670441,0.0,141.83984375
417,1,0,0.44054931313903356,4.3264999985694885,0.0,141.83984375
418,1,1,0.5512159730509648,3.941900096833706,0.0,141.83984375
419,1,1,0.6599225489319729,5.091600003652275,0.0,141.83984375
420,0,0,0.38838428351015797,4.064199980348349,0.0,141.83984375
421,1,1,0.7185842958599326,4.171099979430437,0.0,141.83984375
422,0,1,0.556912296326309,3.756199963390827,0.0,141.83984375
423,1,1,0.5072347512282751,5.719100008718669,0.0,141.83984375
424,0,1,0.5330771897801603,3.873599926009774,0.0,141.83984375
425,1,1,0.644097638570373,4.209800041280687,0.0,141.83984375
426,1,1,0.5606173989178862,3.819699981249869,0.0,141.83984375
427,1,1,0.6013617256857812,7.383599993772805,0.0,141.83984375
428,1,1,0.6244541030594123,6.998299970291555,0.0,141.83984375
429,1,1,0.6336419254681773,6.349100032821298,0.0,141.83984375
430,1,1,0.51923392082681,4.024900030344725,0.0,141.83984375
431,0,1,0.5788433871176409,4.066499997861683,0.0,141.83984375
432,1,1,0.5675666571869945,3.805799991823733,0.0,141.83984375
433,1,0,0.49571130277735553,5.447099916636944,0.0,141.83984375
434,1,1,0.6018392360171985,3.979400033131242,0.0,141.83984375
435,1,1,0.5344302736737535,3.8581000408157706,0.0,141.83984375
436,1,1,0.5858126501906333,5.518199992366135,0.0,141.83984375
437,0,0,0.4644320504795755,4.0883999317884445,0.0,141.83984375
438,0,0,0.4220434485118828,3.8756000576540828,0.0,141.83984375
439,1,1,0.5355691262941207,3.993900027126074,0.0,141.83984375
440,0,0,0.3711781901738716,5.414899904280901,0.0,141.83984375
441,0,0,0.3141515175972298,3.8575000362470746,0.0,141.83984375
442,1,1,0.6808872045597061,4.4493000023067,0.0,141.83984375
443,1,1,0.6629361059351254,3.7650999147444963,0.0,141.83984375
444,1,1,0.5019909183268018,5.467800074256957,0.0,141.83984375
445,0,1,0.5512436132927123,4.068800015375018,0.0,141.83984375
446,1,1,0.5190719524813493,3.8222000002861023,0.0,141.83984375
447,1,0,0.4994096566968982,5.126999923959374,0.0,141.83984375
448,0,0,0.44051856330675354,4.042200045660138,0.0,141.83984375
449,1,1,0.6412419937544754,3.876500064507127,0.0,141.83984375
450,0,0,0.39099746627274085,4.220000002533197,0.0,141.83984375
451,0,1,0.5181035180179793,5.574799957685173,97.7,141.83984375
452,1,1,0.5797069910367123,3.8409000262618065,0.0,141.83984375
453,0,1,0.562070716124232,4.106799955479801,0.0,141.83984375
454,1,1,0.5646274364086482,3.971099969930947,0.0,141.83984375
455,0,0,0.38998430921878946,6.162200006656349,195.3,141.83984375
456,1,1,0.56299872879053,5.315099959261715,0.0,141.83984375
457,0,0,0.47335946842981186,4.554299986921251,0.0,141.83984375
458,0,0,0.39290808147807554,5.620800075121224,0.0,141.83984375
459,0,0,0.438570708959271,3.9211000548675656,0.0,141.83984375
460,0,1,0.5131337114221947,3.769999952055514,0.0,141.83984375
461,1,1,0.6320385277362165,4.957700031809509,0.0,141.83984375
462,1,1,0.6193882623474934,4.497300018556416,0.0,141.83984375
463,1,1,0.5557524593535695,4.075199947692454,0.0,141.83984375
464,0,1,0.529060498388076,3.7603999953716993,0.0,141.83984375
465,1,0,0.497526609343777,5.537400022149086,0.0,141.83984375
466,0,1,0.5033290184594219,4.858699976466596,0.0,141.83984375
467,0,0,0.4732346444482765,6.085800006985664,0.0,141.83984375
468,0,1,0.5517212846803952,5.490700015798211,0.0,141.83984375
469,0,1,0.5245211821467006,3.9518000558018684,0.0,141.83984375
470,1,1,0.573997375318046,4.061700077727437,0.0,141.83984375
471,0,0,0.41972130745230124,4.162300028838217,0.0,141.83984375
472,0,0,0.4978987804842288,6.339299958199263,0.0,141.83984375
473,1,0,0.3558348954781585,5.255799973383546,0.0,141.83984375
474,0,1,0.5878753774142432,3.854400012642145,0.0,141.83984375
475,0,0,0.36918407621258437,5.096299923025072,0.0,141.83984375
476,1,1,0.5384383417257185,3.80350009072572,0.0,141.83984375
477,0,1,0.5198961065284572,4.317400045692921,0.0,141.83984375
478,1,1,0.6325353139533684,3.823900013230741,0.0,141.83984375
479,1,1,0.5838899303123787,5.255600088275969,0.0,141.83984375
480,0,0,0.4640456314301825,4.217999987304211,0.0,141.83984375
481,1,0,0.4861405689653112,3.7694000639021397,0.0,141.83984375
482,1,1,0.5226274185512976,4.574499907903373,0.0,141.83984375
483,1,1,0.6357592069722793,4.237600020132959,0.0,141.83984375
484,1,1,0.5737186990322339,4.17520001064986,0.0,141.83984375
485,1,1,0.6278631043496542,3.7672000471502542,0.0,141.83984375
486,0,1,0.5150970224363711,4.902099957689643,0.0,141.83984375
487,1,1,0.5682925960568326,4.090199945494533,0.0,141.83984375
488,0,0,0.41316499397391276,5.145799950696528,0.0,141.83984375
489,0,1,0.5664305851047058,5.8033999521285295,0.0,141.83984375
490,1,1,0.5506192803468254,5.293200025334954,0.0,141.83984375
491,0,1,0.5611615155866876,4.104499937966466,0.0,141.83984375
492,0,1,0.5534955288961152,4.101800033822656,0.0,141.83984375
493,1,0,0.4030764974621125,4.705999977886677,0.0,141.83984375
494,1,1,0.5558739550950448,3.780100028961897,0.0,141.83984375
495,1,1,0.653056080462004,4.071099916473031,0.0,141.83984375
496,0,1,0.5180551959195994,3.7539000622928143,0.0,141.83984375
497,0,1,0.5250182949234792,4.902300075627863,0.0,141.83984375
498,0,0,0.4645252359867424,5.619000061415136,0.0,141.83984375
499,1,1,0.7372683478966858,4.9223999958485365,0.0,141.83984375
500,1,1,0.6374282252882252,6.240099901333451,0.0,141.83984375
501,0,0,0.4169918819070976,4.426100058481097,0.0,141.83984375
502,1,1,0.5818665911103503,3.9982000598683953,0.0,141.83984375
503,0,1,0.5264202117810974,4.972800030373037,0.0,141.83984375
504,1,1,0.5305226843058432,3.9618000155314803,0.0,141.83984375
505,0,0,0.43689290549492776,4.462199984118342,0.0,141.83984375
506,0,1,0.6254616424804662,3.831300069577992,0.0,141.83984375
507,1,1,0.5609666727254351,5.433300044387579,0.0,141.83984375
508,1,1,0.5960410389010106,3.809699905104935,0.0,141.83984375
509,0,0,0.4269336742895047,4.083500010892749,0.0,141.83984375
510,1,0,0.4727178481308595,3.825899912044406,0.0,141.83984375
511,0,0,0.37743696296238094,5.364399985410273,0.0,141.83984375
512,1,0,0.46324749671157583,4.265399998985231,0.0,141.83984375
513,1,1,0.6059986882128015,3.8288000505417585,0.0,141.83984375
514,0,0,0.4808487962817556,4.145399900153279,97.7,141.83984375
515,0,1,0.5139504226425572,4.851100035011768,0.0,141.83984375
516,0,1,0.5268475486090518,4.229200072586536,0.0,141.83984375
517,1,0,0.4734266840831113,3.770299954339862,0.0,141.83984375
518,0,0,0.3155650370454529,5.034900037571788,0.0,141.83984375
519,0,0,0.48171128833167043,4.387900000438094,0.0,141.83984375
520,1,1,0.6390559360278234,5.157700041308999,0.0,141.83984375
521,1,1,0.5655124714706934,3.858199925161898,0.0,141.83984375
522,0,0,0.41874960629220037,5.634400062263012,0.0,141.83984375
523,0,0,0.44781228974313925,7.7393000246956944,0.0,141.83984375
524,0,1,0.5738008415714551,8.56220000423491,0.0,141.83984375
525,1,1,0.5084841910276344,4.311899887397885,0.0,141.83984375
526,1,1,0.5587828236727836,3.789599984884262,0.0,141.83984375
527,0,1,0.543250500418227,5.561300087720156,104.2,141.83984375
528,0,0,0.49643650266059647,4.068200010806322,0.0,141.83984375
529,1,1,0.5435844085040228,4.022599896416068,0.0,141.83984375
530,1,1,0.6134985669691269,4.203199991025031,0.0,141.83984375
531,0,1,0.5248776351521617,5.497500067576766,0.0,141.83984375
532,1,1,0.6115514326465008,4.277500091120601,0.0,141.83984375
533,0,0,0.4759116756104337,3.837800002656877,0.0,141.83984375
534,0,1,0.5257420419602129,4.950999980792403,0.0,141.83984375
535,1,1,0.627751205928522,4.863900016061962,0.0,141.83984375
536,0,0,0.3537374318056414,4.067900008521974,0.0,141.83984375
537,0,0,0.4429180230090747,3.82379989605397,0.0,141.83984375
538,0,0,0.49508369597981955,5.693500046618283,0.0,141.83984375
539,0,1,0.5681882614004881,4.138899967074394,0.0,141.83984375
540,0,1,0.5558713344721448,3.7573999725282192,0.0,141.83984375
541,0,0,0.36856947345075963,3.890200052410364,0.0,141.83984375
542,0,1,0.5128853979678335,5.602400051429868,0.0,141.83984375
543,0,0,0.43585039511845186,4.138499964028597,0.0,141.83984375
544,1,1,0.5461897200727948,3.863799967803061,0.0,141.83984375
545,0,0,0.43714340248919265,5.701099988073111,0.0,141.83984375
546,1,1,0.5383925145529773,3.8644999731332064,0.0,141.83984375
547,1,0,0.47047871456417634,4.162400029599667,0.0,141.83984375
548,1,1,0.7039760569380163,4.078000085428357,0.0,141.83984375
549,0,0,0.4008166561736829,5.771299940533936,0.0,141.83984375
550,1,1,0.6590113297113749,4.762899945490062,0.0,141.83984375
551,0,0,0.25752414112347055,3.7754999939352274,0.0,141.83984375
552,1,1,0.6012681210251865,5.3443999495357275,0.0,141.83984375
553,0,0,0.46773613108769146,4.440799937583506,0.0,141.83984375
554,0,0,0.4382214310044413,3.8958999793976545,0.0,141.83984375
555,0,0,0.367767007622838,4.7568000154569745,0.0,141.83984375
556,1,1,0.5727629359348505,8.13519989605993,0.0,141.83984375
557,0,0,0.46443940528892574,4.89949993789196,0.0,141.83984375
558,0,0,0.4047038427838098,4.206999903544784,0.0,141.83984375
559,0,0,0.44422029325325296,5.4703999776393175,0.0,141.83984375
560,1,1,0.5185720808921378,5.8862000005319715,97.7,141.83984375
561,1,1,0.7605868178544413,5.953100044280291,0.0,141.83984375
562,0,1,0.5171737199994308,4.545500036329031,0.0,141.83984375
563,0,1,0.5244944791187919,4.118599928915501,0.0,141.83984375
564,1,1,0.558891159136979,3.8883000379428267,0.0,141.83984375
565,1,1,0.6368657503501907,5.928999977186322,97.7,141.83984375
566,1,1,0.6065912570226073,5.432200036011636,0.0,141.83984375
567,1,0,0.3892453526935197,4.236400010995567,0.0,141.83984375
568,1,1,0.5070935024389006,5.799300037324429,0.0,141.83984375
569,1,1,0.5604488409076759,6.135000032372773,0.0,141.83984375
570,0,0,0.4448969481354377,5.556400050409138,0.0,141.83984375
571,1,1,0.535167556988523,4.856000072322786,0.0,141.83984375
572,1,0,0.4644009163871517,5.777299986220896,0.0,141.83984375
573,1,1,0.5984133102854126,4.02560003567487,0.0,141.83984375
574,1,1,0.6410943369015916,7.152299978770316,0.0,141.83984375
575,0,0,0.2866145029346115,6.158799980767071,0.0,141.83984375
576,0,0,0.42042927845600087,4.782099975273013,0.0,141.83984375
577,0,0,0.3774341294356146,6.036499980837107,0.0,141.83984375
578,1,1,0.6946148833721655,3.9309998974204063,0.0,141.83984375
579,0,0,0.3980354400059253,3.851999994367361,0.0,141.83984375
580,1,1,0.5223649910373027,5.135899991728365,0.0,141.83984375
581,0,1,0.5059067929561742,5.070499959401786,0.0,141.83984375
582,1,1,0.6327989615048398,3.815100062638521,0.0,141.83984375
583,1,1,0.6240007043541717,4.223700030706823,0.0,141.83984375
584,1,0,0.44122103814948826,5.846799933351576,0.0,141.83984375
585,1,1,0.6523563971270105,4.30989998858422,0.0,141.83984375
586,0,0,0.4053635094098517,3.958099987357855,104.2,141.83984375
587,0,1,0.5150370689310336,4.836199921555817,0.0,141.83984375
588,1,1,0.542615749432567,4.369699978269637,0.0,141.83984375
589,1,1,0.5916267951011551,3.818799974396825,0.0,141.83984375
590,0,0,0.3140225854639287,4.985800012946129,97.7,141.83984375
591,1,1,0.5710065313483567,6.391200004145503,0.0,141.83984375
592,1,0,0.4481998693398979,4.895899910479784,0.0,141.83984375
593,0,0,0.3316080239515159,5.293099908158183,0.0,141.83984375
594,0,1,0.5033298943792757,6.507599959149957,0.0,141.83984375
595,0,1,0.5740515467724581,5.342500051483512,0.0,141.83984375
596,1,1,0.626641464612053,7.157100015319884,0.0,141.83984375
597,1,1,0.6267294863266454,4.92940004914999,0.0,141.83984375
598,0,1,0.5121517448948915,3.810899914242327,0.0,141.83984375
599,0,1,0.5500232561786094,5.175399943254888,0.0,141.83984375
600,0,1,0.5193003838418071,6.103499908931553,0.0,141.83984375
601,1,1,0.552051723871099,3.793100011534989,0.0,141.83984375
602,1,0,0.4222189955461535,4.3117000022903085,0.0,141.83984375
603,1,1,0.5541179659905315,6.712300004437566,0.0,141.83984375
604,1,1,0.6306207152747833,5.179999978281558,0.0,141.83984375
605,0,1,0.5171892992317171,6.14300009328872,0.0,141.83984375
606,0,0,0.4657162246018851,7.6139000011608005,0.0,141.83984375
607,1,1,0.5620773348592091,3.8072000024840236,0.0,141.83984375
608,1,1,0.5824800439520759,4.987700027413666,0.0,141.83984375
609,1,1,0.500406183230188,5.543100065551698,104.2,141.83984375
610,1,1,0.5735361520072347,3.8514999905601144,0.0,141.83984375
611,0,0,0.4287067495629528,4.458900075405836,0.0,141.83984375
612,1,1,0.5946893063425513,6.122000049799681,0.0,141.83984375
613,0,0,0.4922201855518156,5.426699994131923,0.0,141.83984375
614,0,0,0.4974955101898072,5.874300026334822,0.0,141.83984375
615,1,1,0.7003510741442898,5.983799928799272,104.2,141.83984375
616,1,1,0.5867812246456674,3.815100062638521,0.0,141.83984375
617,0,0,0.49058718199881024,4.1262999875471,0.0,141.83984375
618,1,1,0.6082497686054322,4.551299964077771,0.0,141.83984375
619,1,1,0.6483879197235395,6.224100012332201,0.0,141.83984375
620,1,1,0.6138056925776688,4.900000058114529,0.0,141.83984375
621,0,1,0.5222102621613314,5.417900043539703,0.0,141.83984375
622,1,1,0.6081342313524181,5.434000049717724,0.0,141.8359375
623,1,1,0.7174312237075409,3.8033000892028213,0.0,141.8359375
624,1,0,0.49801917180082,4.947100067511201,0.0,141.8359375
625,0,0,0.4250345987366602,5.02859998960048,0.0,141.8359375
626,1,1,0.538225955408893,3.8654999807476997,0.0,141.8359375
627,1,1,0.7051631504386866,4.087600042112172,0.0,141.8359375
628,1,1,0.614770546871529,5.330500076524913,0.0,141.8359375
629,0,0,0.4915702536030283,5.293700029142201,0.0,141.8359375
630,0,0,0.342157739623378,5.72660006582737,0.0,141.8359375
631,0,0,0.4519090071557527,4.699400044046342,0.0,141.8359375
632,1,0,0.48872395817186626,4.612899967469275,0.0,141.8359375
633,1,1,0.6423182698456232,3.814099938608706,0.0,141.8359375
634,1,0,0.46136449710341987,4.5050999615341425,0.0,141.8359375
635,1,1,0.531211411853896,5.272499984130263,0.0,141.8359375
636,1,1,0.5002133757145737,3.7947000237181783,0.0,141.8359375
637,0,0,0.41767122976316706,3.9389999583363533,97.7,141.8359375
638,1,0,0.32515110330432856,4.056100035086274,0.0,141.8359375
639,0,1,0.5563781268669759,5.220700055360794,0.0,141.8359375
640,0,0,0.4118243342192621,3.8944000843912363,0.0,141.8359375
641,0,0,0.45704200761908964,4.587900009937584,104.2,141.8359375
642,0,1,0.5191966175793026,4.521299968473613,0.0,141.8359375
643,1,1,0.5176468225895062,4.577800049446523,0.0,141.8359375
644,1,1,0.7064352088035667,3.872400033287704,0.0,141.8359375
645,1,1,0.5747842024132866,4.250099998898804,0.0,141.8359375
646,1,1,0.6166347783365538,5.751300021074712,0.0,141.8359375
647,1,1,0.5103380246878542,3.8638999685645103,0.0,141.8359375
648,0,0,0.48913824814827256,5.812999908812344,0.0,141.8359375
649,1,1,0.6417007314718205,6.7622000351548195,0.0,141.8359375
650,0,0,0.4732691290137595,4.838199936784804,0.0,141.8359375
651,1,1,0.6817904628830618,5.202500033192337,0.0,141.8359375
652,1,0,0.4878938462898209,4.816400003619492,97.7,141.8359375
653,1,1,0.5522724942682369,3.828599932603538,0.0,141.8359375
654,0,0,0.39528681369865787,4.106700071133673,0.0,141.8359375
655,0,1,0.5184941220054312,3.824500017799437,0.0,141.8359375
656,0,0,0.4070623338377482,5.283099948428571,97.7,141.8359375
657,0,1,0.5666224978222354,3.8184000877663493,0.0,141.8359375
658,1,1,0.5226245395369936,5.36940002348274,0.0,141.8359375
659,0,1,0.5113104104898288,4.6950000105425715,0.0,141.8359375
660,1,1,0.5272943045410845,4.69370000064373,0.0,141.8359375
661,0,0,0.448060528223251,3.9573999820277095,0.0,141.8359375
662,1,1,0.6482832332619761,4.301600041799247,0.0,141.8359375
663,1,1,0.6602946880382344,5.4484999272972345,0.0,141.8359375
664,1,1,0.6002105809988912,3.8164000725373626,0.0,141.8359375
665,1,1,0.5526344495491229,3.9970000507310033,0.0,141.8359375
666,1,1,0.5176959196873352,3.8271999219432473,0.0,141.8359375
667,0,0,0.4610694260649647,5.258899996988475,0.0,141.8359375
668,1,1,0.6700751356910501,3.8288000505417585,0.0,141.8359375
669,1,1,0.5747941806244841,4.159600008279085,0.0,141.8359375
670,1,0,0.49598321283037183,3.819999983534217,0.0,141.8359375
671,1,1,0.5404762110372825,5.727299954742193,0.0,141.8359375
672,0,0,0.37651695748040387,3.782099927775562,0.0,141.8359375
673,0,0,0.34066985330075167,4.498300026170909,0.0,141.8359375
674,0,0,0.4771073786988761,4.860199987888336,0.0,141.8359375
675,1,1,0.5440675783359128,3.9293000008910894,0.0,141.8359375
676,1,1,0.5089102503450281,3.9262999780476093,104.2,141.8359375
677,0,1,0.5331066126429208,3.8160999538376927,0.0,141.8359375
678,1,1,0.5291390721521841,4.779199953190982,0.0,141.8359375
679,1,1,0.762867648660367,3.8555999053642154,0.0,141.8359375
680,0,0,0.448969974948804,4.1612000204622746,0.0,141.8359375
681,1,1,0.5220792727150496,3.7994999438524246,0.0,141.8359375
682,0,0,0.35420741989638194,5.031200009398162,0.0,141.8359375
683,0,0,0.4749769396576484,4.1371999541297555,0.0,141.8359375
684,1,1,0.6796839493243335,4.175500012934208,0.0,141.8359375
685,1,1,0.6189842322321237,4.118499928154051,0.0,141.8359375
686,1,1,0.5970103771493082,5.07869990542531,0.0,141.8359375
687,0,1,0.5403294777381652,3.7987000541761518,0.0,141.8359375
688,0,0,0.4039535767667992,4.010100034065545,0.0,141.8359375
689,0,0,0.4189294412167565,4.297600011341274,0.0,141.8359375
690,0,0,0.48987980231685657,4.600999993272126,0.0,141.8359375
691,1,1,0.6536457990635233,3.8668999914079905,0.0,141.8359375
692,0,0,0.4357704449946171,4.006900009699166,0.0,141.8359375
693,1,1,0.6616176093285614,4.655700060538948,0.0,141.8359375
694,1,1,0.5109255226244667,4.4704999309033155,0.0,141.8359375
695,1,1,0.5543631412194019,4.3917999137192965,0.0,141.8359375
696,0,1,0.5141865772786367,4.249999998137355,0.0,141.8359375
697,1,1,0.5009445059415752,6.309299962595105,0.0,141.8359375
698,1,1,0.5782048591412341,4.914100049063563,0.0,141.8359375
699,0,0,0.4411269518763164,5.270699970424175,0.0,141.8359375
700,1,1,0.5794808999475191,6.322599947452545,0.0,141.8359375
701,0,0,0.4312031536908504,6.964299944229424,0.0,141.8359375
702,1,1,0.5532512611235882,4.7460999339818954,0.0,141.8359375
703,0,1,0.5241304764309772,4.751100088469684,0.0,141.8359375
704,0,0,0.47014448556977706,8.737099939025939,0.0,141.8359375
705,1,1,0.6414668035840276,10.424799984320998,0.0,141.8359375
706,0,1,0.5425192536481445,11.295000091195107,0.0,141.8359375
707,1,0,0.36367716461807975,8.686899906024337,0.0,141.8359375
708,0,0,0.2972830337029194,9.383599972352386,104.2,141.8359375
709,0,0,0.29944287430598104,5.378899979405105,0.0,141.8359375
710,1,1,0.6064485416777178,5.439199972897768,97.7,141.8359375
711,0,0,0.3872697532049438,6.6911999601870775,0.0,141.8359375
712,0,0,0.3195192035136426,5.040400079451501,0.0,141.8359375
713,0,1,0.5562814605826815,6.099299993366003,104.2,141.8359375
714,0,0,0.41835809353077574,5.133899976499379,0.0,141.8359375
715,1,0,0.4683889754507433,3.9637000299990177,0.0,141.8359375
716,0,0,0.474333457816771,3.88780003413558,97.7,141.8359375
717,1,1,0.5875573790672137,6.387999979779124,0.0,141.8359375
718,1,1,0.5139783381187321,3.9348999271169305,0.0,141.8359375
719,0,0,0.46690181897562566,4.2004999704658985,97.7,141.8359375
720,1,1,0.5944479132267562,5.713600083254278,0.0,141.8359375
721,1,1,0.5015382599145829,4.349700058810413,0.0,141.8359375
722,0,0,0.4527909178085829,3.8319999584928155,0.0,141.8359375
723,1,1,0.7546341685192439,4.191900021396577,104.2,141.8359375
724,0,1,0.6138728935596166,6.146400002762675,0.0,141.8359375
725,0,0,0.4037494444644324,3.930600010789931,0.0,141.8359375
726,1,1,0.6695963960809789,3.9112999802455306,0.0,141.8359375
727,1,1,0.6684405742872259,6.605200003832579,0.0,141.8359375
728,1,1,0.6189984704692011,5.278700031340122,0.0,141.8359375
729,1,1,0.6315946277156014,5.1636999705806375,0.0,141.8359375
730,1,1,0.5325075458812515,5.175100057385862,0.0,141.8359375
731,0,0,0.48637076790506084,6.042500026524067,0.0,141.8359375
732,0,0,0.3710813759442272,4.276600084267557,0.0,141.91015625
733,1,1,0.5213167058261597,6.249599973671138,0.0,141.91015625
734,1,1,0.6131758685728987,3.9988000644370914,0.0,141.91015625
735,1,1,0.5704887191216635,3.7885999772697687,0.0,141.91015625
736,0,0,0.39333597924793423,4.576799925416708,0.0,141.91015625
737,1,1,0.6111446782934454,4.475299967452884,0.0,141.91015625
738,0,1,0.5411859243697361,3.812599927186966,0.0,141.91015625
739,0,0,0.3999268518292852,4.3135000159963965,0.0,141.91015625
740,0,1,0.518248675791751,5.486899986863136,0.0,141.91015625
741,1,1,0.5681498719343587,4.035299993120134,0.0,141.91015625
742,1,0,0.4189754413681549,3.815299947746098,0.0,141.91015625
743,1,1,0.5567708099145559,3.987399977631867,0.0,141.91015625
744,0,1,0.5850177950596475,5.594099988229573,0.0,141.91015625
745,0,0,0.4263407362095942,4.372299998067319,195.3,141.91015625
746,1,1,0.6398513101877326,3.7700000684708357,0.0,141.91015625
747,0,0,0.3613527670861302,4.110499983653426,0.0,141.91015625
748,1,1,0.6224472870892735,5.482399952597916,208.3,141.91015625
749,1,0,0.4572152493565085,3.8313999539241195,0.0,141.91015625
750,1,1,0.5224114157488621,4.395000054500997,0.0,141.91015625
751,0,0,0.4558846178257753,6.999399978667498,0.0,141.91015625
752,1,1,0.5393896363488059,5.130600067786872,0.0,141.91015625
753,0,1,0.5450987315995525,5.521800019778311,0.0,141.91015625
754,0,0,0.45790358740443676,6.235499982722104,0.0,141.91015625
755,1,0,0.4897914018940404,3.894499968737364,0.0,141.91015625
756,1,1,0.5135384103321483,3.9299000054597855,0.0,141.91015625
757,0,0,0.495205893466525,5.09079999756068,0.0,141.91015625
758,1,1,0.7015451517913079,4.376599914394319,0.0,141.91015625
759,0,1,0.5295537011719272,3.874399932101369,0.0,141.91015625
760,0,1,0.5189044009909163,4.276999970898032,0.0,141.91015625
761,1,1,0.6798326771068595,4.793399944901466,0.0,141.91015625
762,1,1,0.5652838487880669,4.401999991387129,0.0,141.91015625
763,1,1,0.6681821594309084,3.9193000411614776,0.0,141.91015625
764,1,0,0.46921974612126593,4.64629998896271,0.0,141.91015625
765,1,1,0.6285578209640088,4.632900003343821,0.0,141.91015625
766,0,1,0.5151841300311619,3.89509997330606,0.0,141.91015625
767,1,1,0.634760102805059,3.9588999934494495,0.0,141.91015625
768,0,0,0.47942948887221937,4.788200021721423,0.0,141.91015625
769,1,1,0.5334529416447309,4.374500014819205,0.0,141.91015625
770,1,0,0.45740964036570375,4.200899973511696,0.0,141.90625
771,0,1,0.5328463177026643,4.3517000740394,97.7,141.90625
772,0,0,0.3975875677829399,4.799299989826977,0.0,141.90625
773,0,1,0.5533101698784474,3.8376000011339784,0.0,141.90625
774,1,1,0.6025536997818577,4.296900006011128,0.0,141.90625
775,0,0,0.45883409375288886,4.162300028838217,0.0,141.90625
776,0,0,0.4724923666620337,5.2047999342903495,0.0,141.90625
777,1,1,0.6107568536063077,3.9060000563040376,0.0,141.90625
778,0,0,0.3897590161723762,4.334000055678189,97.7,141.90625
779,0,0,0.43504422373949475,4.517100052908063,0.0,141.90625
780,1,1,0.6015019980949461,4.561099922284484,0.0,141.90625
781,0,0,0.35030240481631847,3.846399951726198,0.0,141.90625
782,1,0,0.443262986791075,4.563799942843616,97.7,141.90625
783,0,0,0.36486088392119254,5.088900099508464,0.0,141.90625
784,1,1,0.6266976772670569,3.834199975244701,0.0,141.90625
785,0,1,0.5330550523008721,4.203499993309379,0.0,141.90625
786,1,1,0.5778230078529213,3.880399977788329,0.0,141.90625
787,0,1,0.5622770768778873,5.020199925638735,0.0,141.90625
788,0,1,0.5563073622282962,3.8612999487668276,0.0,141.90625
789,0,1,0.5324218638916383,4.301499924622476,97.7,141.90625
790,1,1,0.6575502938851774,4.230599966831505,0.0,141.90625
791,1,1,0.5294848863435786,4.912700038403273,0.0,141.90625
792,1,1,0.6289369504215332,3.871800028719008,0.0,141.90625
793,1,1,0.656056718483691,4.435400012880564,0.0,141.90625
794,1,1,0.5721102822014039,5.511300056241453,0.0,141.90625
795,0,1,0.5427068075023118,3.999199951067567,0.0,141.90625
796,1,1,0.6450178654553105,4.0219000075012445,0.0,141.90625
797,1,1,0.5435888326382531,3.852900001220405,0.0,141.90625
798,0,0,0.44962033786117184,5.06539992056787,0.0,141.90625
799,1,0,0.4674370087173747,4.2218000162392855,0.0,141.90625
800,0,0,0.3603119127995692,4.208100028336048,0.0,141.90625
801,0,1,0.6734080298786181,5.382400006055832,0.0,141.90625
802,1,1,0.6607722131334783,5.246000015176833,0.0,141.90625
803,1,1,0.5038815374873569,5.931199993938208,0.0,141.90625
804,1,1,0.646440080747406,6.328099989332259,0.0,141.90625
805,0,0,0.4575824415833357,5.486099980771542,0.0,141.90625
806,1,1,0.6072706372088252,3.956700093112886,0.0,141.90625
807,0,1,0.5902517807286474,5.62140007968992,0.0,141.90625
808,1,1,0.5430176573738471,4.012500052340329,0.0,141.90625
809,1,1,0.5825875723545483,4.118199925869703,0.0,141.90625
810,0,1,0.5730171265366204,3.802900086157024,0.0,141.90625
811,0,0,0.491759621812918,5.416100029833615,0.0,141.90625
812,0,0,0.4464654301257994,3.8253000238910317,0.0,141.90625
813,1,1,0.6533978026030507,4.835100029595196,0.0,141.90625
814,1,1,0.6319073947343126,3.839199896901846,0.0,141.90625
815,0,0,0.4367605811126398,5.380599992349744,0.0,141.90625
816,0,0,0.328632283989536,4.0889999363571405,0.0,141.90625
817,0,0,0.2679967124293067,3.8995000068098307,0.0,141.90625
818,0,0,0.351700057147077,5.994500010274351,0.0,141.90625
819,0,1,0.5382184506035188,5.473900004290044,0.0,141.90625
820,0,1,0.5153062783654297,4.731899942271411,0.0,141.90625
821,0,0,0.45133737561166204,6.203800090588629,0.0,141.90625
822,0,0,0.46407874705081104,3.9103999733924866,0.0,141.90625
823,1,1,0.6036052951850526,4.233899991959333,0.0,141.90625
824,1,1,0.5317790977951015,3.830099944025278,0.0,141.90625
825,0,0,0.41859480768392066,7.074899971485138,0.0,141.90625
826,0,1,0.5995595787287594,5.590100074186921,0.0,141.90625
827,1,1,0.6194904598621088,7.89260002784431,0.0,141.90625
828,1,1,0.6777176262292403,7.669600076042116,0.0,141.90625
829,1,1,0.7495703722172213,5.557400058023632,0.0,141.90625
830,1,1,0.5810739188205437,5.070100072771311,0.0,141.90625
831,1,1,0.6793823542351615,4.4610999757424,0.0,141.90625
832,0,0,0.4766091061828817,3.910499974153936,0.0,141.90625
833,1,1,0.5351123062652663,5.002800025977194,0.0,141.90625
834,1,1,0.6561572168507843,3.816200071014464,0.0,141.90625
835,1,1,0.668655175635252,4.1692000813782215,0.0,141.90625
836,1,1,0.767635777535762,3.8247000193223357,0.0,141.90625
837,0,1,0.5374503727719906,6.474000052548945,0.0,141.90625
838,0,0,0.38687166618726954,5.064700031653047,0.0,141.90625
839,1,1,0.5734494626722757,4.763300064951181,0.0,141.90625
840,0,1,0.5397733442378175,5.62109996099025,0.0,141.90625
841,0,0,0.3894719633279823,3.8258000276982784,0.0,141.90625
842,1,1,0.5132890429452412,4.518499947153032,0.0,141.90625
843,0,0,0.4582822845760427,4.210700048133731,0.0,141.90625
844,1,0,0.47675504347998177,5.794800003059208,0.0,141.90625
845,1,1,0.586511423931496,4.235300002619624,0.0,141.90625
846,1,1,0.6201568805751069,3.809400019235909,0.0,141.90625
847,0,1,0.5230741293094122,6.779200048185885,0.0,141.90625
848,0,1,0.5954875844911379,5.084399948827922,0.0,141.90625
849,0,1,0.500769616451838,4.27889998536557,0.0,141.90625
850,1,1,0.6172074206273681,6.6087000304833055,104.2,141.90625
851,0,0,0.48264603726961475,4.4064000248909,0.0,141.90625
852,1,1,0.6252316491839875,4.008100018836558,0.0,141.90625
853,0,0,0.4286281420422429,4.752399981953204,97.7,141.90625
854,1,1,0.5102295990371208,4.029399948194623,0.0,141.90625
855,0,0,0.3123680121341331,4.099800018593669,0.0,141.90625
856,1,1,0.5704103656162839,4.143300000578165,0.0,141.90625
857,0,0,0.32248338615934197,5.158500047400594,97.7,141.90625
858,1,1,0.5791210043339519,3.895999980159104,0.0,141.90625
859,1,1,0.5768699871904447,4.22989996150136,0.0,141.90625
860,0,0,0.4283292695475451,3.87600006069988,0.0,141.90625
861,0,0,0.47913921726734154,5.083100055344403,0.0,141.90625
862,0,1,0.511425631839425,3.987699979916215,0.0,141.90625
863,0,0,0.38546329051954725,4.251900012604892,0.0,141.90625
864,0,1,0.5204223262071238,4.42120002117008,97.7,141.90625
865,0,1,0.5792598363041027,4.476500093005598,0.0,141.90625
866,1,0,0.47433769305134954,4.414099967107177,0.0,141.90625
867,0,1,0.5480221356835416,3.886600024998188,0.0,141.90625
868,1,1,0.5579650267841675,5.202799919061363,0.0,141.90625
869,0,0,0.459108078353596,3.8809000980108976,0.0,141.90625
870,0,0,0.4060397348955653,4.1729999938979745,0.0,141.90625
871,0,0,0.4475819556208142,3.9020999101921916,0.0,141.90625
872,0,0,0.45085819224738116,5.237199948169291,0.0,141.90625
873,0,0,0.49963831932004227,3.940399968996644,0.0,141.90625
874,0,0,0.47568717551434636,4.0469999657943845,0.0,141.90625
875,0,1,0.5302710884383532,4.0123999351635575,0.0,141.90625
876,0,0,0.43332213652018253,4.887200077064335,0.0,141.90625
877,1,1,0.566844589652143,4.322999971918762,0.0,141.90625
878,0,1,0.50264952327346,4.781699972227216,0.0,141.90625
879,0,1,0.5067751979761212,5.362999974749982,0.0,141.90625
880,1,1,0.6273776174725634,3.917899914085865,0.0,141.90625
881,0,0,0.44922384090188155,4.55709989182651,97.7,141.90625
882,1,1,0.608816792541005,3.833899972960353,0.0,141.90625
883,0,0,0.4328561931241611,5.3542000241577625,0.0,141.90625
884,1,1,0.6144075087434318,4.242300055921078,0.0,141.90625
885,1,1,0.5939168162331147,4.0262999245896935,0.0,141.90625
886,1,1,0.6682780761279973,4.553199978545308,0.0,141.90625
887,1,1,0.5033103406010715,4.291899967938662,0.0,141.90625
888,1,1,0.5596340698506339,4.337799968197942,104.2,141.90625
889,1,1,0.6526385479332442,3.9030000334605575,0.0,141.90625
890,0,0,0.43815242549591743,4.971700021997094,0.0,141.90625
891,0,0,0.3919093837617081,3.9299000054597855,0.0,141.90625
892,0,0,0.4904230886306796,4.296800005249679,97.7,141.90625
893,0,1,0.5528981837832592,4.093499970622361,0.0,141.90625
894,1,1,0.6639857951853557,5.099600064568222,0.0,141.90625
895,0,0,0.4938392130419838,3.9115999825298786,0.0,141.90625
896,1,0,0.4766511639587142,4.167600069195032,0.0,141.90625
897,1,1,0.6249263264481546,3.9027000311762094,0.0,141.90625
898,0,0,0.46745404419359177,5.315200076438487,0.0,141.90625
899,0,1,0.5125671368803204,3.999799955636263,97.7,141.90625
900,1,1,0.6271233434370603,3.8722000317648053,0.0,141.90625
901,0,1,0.5064129326732669,4.661199986003339,0.0,141.90625
902,1,1,0.6144377771751689,4.411699948832393,0.0,141.90625
903,1,1,0.5698308329521014,4.269300028681755,0.0,141.90625
904,0,1,0.593287811970223,3.890200052410364,0.0,141.90625
905,0,0,0.45645864131522595,5.257099983282387,0.0,141.90625
906,1,1,0.5226857253842543,4.093100083991885,0.0,141.90625
907,1,1,0.6248267025446843,4.614599980413914,0.0,141.90625
908,1,1,0.6458082689701656,4.801600007340312,0.0,141.90625
909,1,1,0.6359565821385409,4.791199928149581,0.0,141.90625
910,1,1,0.5907385547455664,5.698299966752529,0.0,141.90625
911,1,1,0.6269377009104011,8.38160002604127,0.0,141.90625
912,1,1,0.6463488909630992,5.4169000359252095,0.0,141.90625
913,1,1,0.5315153619183712,4.436400020495057,0.0,141.90625
914,1,1,0.7080189756613583,5.859100027009845,104.2,141.90625
915,0,0,0.3859041859645451,3.969999961555004,0.0,141.90625
916,1,1,0.5394130651489168,4.304799949750304,0.0,141.90625
917,0,0,0.4730088431210809,4.231699975207448,0.0,141.90625
918,1,1,0.5647652472350216,6.04169990401715,0.0,141.90625
919,1,1,0.6520431922362804,4.356999997980893,0.0,141.90625
920,0,0,0.27128839400747345,3.827200038358569,0.0,141.90625
921,0,0,0.43202398943413123,6.239399896003306,104.2,141.90625
922,0,0,0.395983333656987,5.312300054356456,0.0,141.90625
923,0,1,0.5950896475017113,4.538699984550476,0.0,141.90625
924,1,1,0.6060379652863215,6.685500033199787,0.0,141.90625
925,0,1,0.5163841222714659,4.170500091277063,0.0,141.90625
926,1,1,0.683257524893077,3.9736999897286296,0.0,141.90625
927,0,0,0.39650998944493765,4.0487999795004725,0.0,141.90625
928,1,1,0.5534908660867677,5.329099949449301,0.0,141.90625
929,1,0,0.4456064757538892,4.245900083333254,0.0,141.90625
930,1,0,0.47234698292852706,4.0738999377936125,0.0,141.90625
931,0,0,0.42763160939770445,5.84929995238781,0.0,141.90625
932,0,0,0.4220551243296507,3.9828999433666468,0.0,141.90625
933,1,1,0.5539782034033754,3.8630999624729156,0.0,141.90625
934,0,0,0.39941795825569837,3.8739999290555716,0.0,141.90625
935,0,1,0.510294488115146,5.147999967448413,0.0,141.90625
936,0,1,0.5057466546477154,4.225400043651462,0.0,141.90625
937,0,1,0.5749495629785002,4.005299997515976,0.0,141.90625
938,0,0,0.44110613482473954,4.717700066976249,0.0,141.90625
939,0,0,0.39151796955216256,4.098400007933378,0.0,141.90625
940,1,1,0.6112446593341815,4.083600011654198,0.0,141.90625
941,1,1,0.6091279298241814,3.7796999095007777,0.0,141.90625
942,1,1,0.6007714298865667,5.532599985599518,0.0,141.90625
943,0,0,0.4158841496219966,4.513800027780235,0.0,141.90625
944,1,1,0.5113420342786473,4.3264999985694885,0.0,141.90625
945,0,0,0.41712335410102774,4.195700050331652,0.0,141.90625
946,1,0,0.37477913686851927,4.7175000654533505,0.0,141.90625
947,1,1,0.506605263626132,4.130600020289421,0.0,141.90625
948,1,1,0.5799779826739487,4.046000074595213,0.0,141.90625
949,0,1,0.568505242138209,5.304299993440509,0.0,141.90625
950,0,1,0.5196349240550304,4.404500010423362,0.0,141.90625
951,0,0,0.38062932247566184,4.315100028179586,0.0,141.90625
952,0,0,0.49556198804664015,3.8084000116214156,0.0,141.90625
953,1,1,0.5386248017964059,5.185900023207068,0.0,141.90625
954,0,1,0.5419421177447165,4.10720007494092,0.0,141.90625
955,0,0,0.4937830039831753,4.064199980348349,0.0,141.90625
956,1,1,0.5885873905762863,3.937800065614283,0.0,141.90625
957,1,1,0.6764809887452715,5.500599974766374,0.0,141.90625
958,0,0,0.3959295903926069,4.328000009991229,0.0,141.90625
959,0,1,0.5330034767354397,4.28790005389601,0.0,141.90625
960,1,1,0.5363797678218221,6.5954000456258655,0.0,141.90625
961,1,1,0.5847256108811854,4.468500032089651,0.0,141.90625
962,0,0,0.4427797301027054,3.7927000084891915,0.0,141.90625
963,1,1,0.6653252502501138,4.9091000109910965,0.0,141.90625
964,1,1,0.6042839137373617,5.627500009723008,0.0,141.90625
965,0,0,0.42254108176293015,4.939800011925399,0.0,141.90625
966,1,1,0.653766684449462,4.40940004773438,104.2,141.90625
967,0,1,0.5089041871147958,5.556000047363341,0.0,141.90625
968,1,1,0.6057964030670165,3.921499941498041,0.0,141.90625
969,0,0,0.39520266910777896,3.906699945218861,0.0,141.90625
970,0,0,0.4068368537774571,6.7637000465765595,97.7,141.90625
971,0,0,0.3247621702645379,5.157100036740303,0.0,141.90625
972,0,0,0.48721324482067685,4.104599938727915,0.0,141.90625
973,0,0,0.49068800147299313,7.050400017760694,0.0,141.90625
974,1,0,0.4258966631052778,4.1262999875471,0.0,141.90625
975,0,1,0.5239760457299927,3.8005999522283673,0.0,141.90625
976,0,1,0.5869744015272824,4.092399962246418,0.0,141.90625
977,0,1,0.5624589958335997,5.5584999499842525,0.0,141.90625
978,1,0,0.4660845684638543,3.820899990387261,0.0,141.90625
979,0,1,0.5108818984589814,4.136999952606857,97.7,141.90625
980,1,1,0.7354761733108041,6.4697000198066235,0.0,141.90625
981,1,1,0.5861897640053337,4.130600020289421,0.0,141.90625
982,0,0,0.49322427621599835,3.812700044363737,0.0,141.90625
983,1,1,0.6254030062033896,4.0466999635100365,104.2,141.90625
984,1,1,0.5909414724415545,4.503099946305156,0.0,141.90625
985,1,1,0.7239950341381306,4.10110002849251,0.0,141.90625
986,0,1,0.5407064618278483,3.7963000359013677,0.0,141.90625
987,1,1,0.7194778129656143,4.187699989415705,97.7,141.90625
988,1,1,0.605663165535424,5.257399985566735,0.0,141.90625
989,0,0,0.3242977076588692,3.8708000211045146,0.0,141.90625
990,0,1,0.5231293975024862,4.091199953109026,0.0,141.90625
991,0,0,0.42573920488933503,5.979100009426475,0.0,141.90625
992,0,0,0.36061023836616113,5.13980002142489,0.0,141.90625
993,1,1,0.5879988932933228,3.8342999760061502,0.0,141.90625
994,0,1,0.5772292957376691,4.146000021137297,0.0,141.90625
995,0,0,0.41022317149831905,4.877700004726648,0.0,141.90625
996,1,1,0.5844524990277209,4.205600009299815,0.0,141.90625
997,0,0,0.4746694304297078,3.8088998990133405,0.0,141.90625
998,0,0,0.42787802338540243,4.8946000169962645,0.0,141.90625
999,0,0,0.4163038725836281,4.267300013452768,0.0,141.90625
